<?xml version="1.0"?>
<!DOCTYPE hibernate-mapping PUBLIC "-//Hibernate/Hibernate Mapping DTD 3.0//EN"
"http://www.hibernate.org/dtd/hibernate-mapping-3.0.dtd">
<!-- Generated Jun 2, 2020, 10:56:56 PM by Hibernate Tools 4.3.1 -->
<hibernate-mapping>
    <class name="beans.Narudzbine" table="narudzbine" catalog="projekat" optimistic-lock="version">
        <id name="idNarudzbine" type="int">
            <column name="idNarudzbine" />
            <generator class="assigned" />
        </id>
        <many-to-one name="rasadnik" class="beans.Rasadnik" fetch="select">
            <column name="idRasadnika" not-null="true" />
        </many-to-one>
        <property name="datum" type="date">
            <column name="datum" length="10" />
        </property>
        <set name="stavkas" table="stavka" inverse="true" lazy="true" fetch="select">
            <key>
                <column name="idNarudzbine" not-null="true" />
            </key>
            <one-to-many class="beans.Stavka" />
        </set>
         <property name="nazivProizvoda" type="string">
            <column name="nazivProizvoda" length="45" not-null="true" />
        </property>
         <property name="tipProizvoda" type="string">
            <column name="tipProizvoda" length="45" not-null="true" />
        </property>
         <property name="preduzece" type="string">
            <column name="preduzece" length="45" not-null="true" />
        </property>
         <property name="status" type="string">
            <column name="status" length="45" not-null="true" />
        </property>
        <property name="brojNarucenih" type="int">
            <column name="brojNarucenih" not-null="true" />
        </property>
    </class>
</hibernate-mapping>
