<?xml version="1.0"?>
<!DOCTYPE hibernate-mapping PUBLIC "-//Hibernate/Hibernate Mapping DTD 3.0//EN"
"http://www.hibernate.org/dtd/hibernate-mapping-3.0.dtd">
<!-- Generated Jun 2, 2020, 10:56:56 PM by Hibernate Tools 4.3.1 -->
<hibernate-mapping>
    <class name="beans.Preduzece" table="preduzece" catalog="projekat" optimistic-lock="version">
        <id name="korisnickoImePred" type="string">
            <column name="korisnickoImePred" length="45" />
            <generator class="foreign">
                <param name="property">korisnik</param>
            </generator>
        </id>
        <one-to-one name="korisnik" class="beans.Korisnik" constrained="true"></one-to-one>
        <property name="naziv" type="string">
            <column name="naziv" length="45" not-null="true" />
        </property>
        <property name="datum" type="date">
            <column name="datum" length="10" not-null="true" />
        </property>
        <property name="mesto" type="string">
            <column name="mesto" length="45" not-null="true" />
        </property>
        <property name="email" type="string">
            <column name="email" length="45" not-null="true" />
        </property>
        <set name="onlineprodavnicas" table="onlineprodavnica" inverse="true" lazy="true" fetch="select">
            <key>
                <column name="korisnickoImePred" length="45" not-null="true" />
            </key>
            <one-to-many class="beans.Onlineprodavnica" />
        </set>
    </class>
</hibernate-mapping>
