<?xml version="1.0"?>
<!DOCTYPE hibernate-mapping PUBLIC "-//Hibernate/Hibernate Mapping DTD 3.0//EN"
"http://www.hibernate.org/dtd/hibernate-mapping-3.0.dtd">
<!-- Generated Jun 2, 2020, 10:56:56 PM by Hibernate Tools 4.3.1 -->
<hibernate-mapping>
    <class name="beans.Rasadnik" table="rasadnik" catalog="projekat" optimistic-lock="version">
        <id name="idRasadnika" type="java.lang.Integer">
            <column name="idRasadnika" />
            <generator class="identity" />
        </id>
        <many-to-one name="poljoprivrednik" class="beans.Poljoprivrednik" fetch="select">
            <column name="korisnickoImePolj" length="45" not-null="true" />
        </many-to-one>
        <property name="naziv" type="string">
            <column name="naziv" length="45" not-null="true" />
        </property>
        <property name="mesto" type="string">
            <column name="mesto" length="45" not-null="true" />
        </property>
        <property name="brZasadjenih" type="int">
            <column name="brZasadjenih" not-null="true" />
        </property>
        <property name="brSlobodnih" type="java.lang.Integer">
            <column name="brSlobodnih" />
        </property>
        <property name="voda" type="java.lang.Integer">
            <column name="voda" />
        </property>
        <property name="temperatura" type="big_decimal">
            <column name="temperatura" precision="5" />
        </property>
        <property name="duzina" type="int">
            <column name="duzina" not-null="true" />
        </property>
        <property name="sirina" type="int">
            <column name="sirina" not-null="true" />
        </property>
        <set name="magacins" table="magacin" inverse="true" lazy="true" fetch="select">
            <key>
                <column name="idRasadnika" not-null="true" />
            </key>
            <one-to-many class="beans.Magacin" />
        </set>
        <set name="narudzbines" table="narudzbine" inverse="true" lazy="true" fetch="select">
            <key>
                <column name="idRasadnika" not-null="true" />
            </key>
            <one-to-many class="beans.Narudzbine" />
        </set>
    </class>
</hibernate-mapping>
