<?xml version="1.0"?>
<!DOCTYPE hibernate-mapping PUBLIC "-//Hibernate/Hibernate Mapping DTD 3.0//EN"
"http://www.hibernate.org/dtd/hibernate-mapping-3.0.dtd">
<!-- Generated Jun 2, 2020, 10:56:56 PM by Hibernate Tools 4.3.1 -->
<hibernate-mapping>
    <class name="beans.Stavka" table="stavka" catalog="projekat" optimistic-lock="version">
        <id name="idStavke" type="java.lang.Integer">
            <column name="idStavke" />
            <generator class="identity" />
        </id>
        <many-to-one name="narudzbine" class="beans.Narudzbine" fetch="select">
            <column name="idNarudzbine" not-null="true" />
        </many-to-one>
        <many-to-one name="onlineprodavnica" class="beans.Onlineprodavnica" fetch="select">
            <column name="idProdavnice" not-null="true" />
        </many-to-one>
        <property name="kolicina" type="int">
            <column name="kolicina" not-null="true" />
        </property>
    </class>
</hibernate-mapping>
